41366576,1629125820,chenshuai725,0,0,保密,,http://i0.hdslb.com/bfs/face/member/noface.jpg
1849638872,1620037383,斗な不卑,0,2,保密,,http://i2.hdslb.com/bfs/face/c282a2d8c8a7204fb51e9e549186d6cea0bcd1e2.jpg
432631751,1614646600,权家的胖越,0,3,保密,我是一张没染过色的白纸,http://i2.hdslb.com/bfs/face/3d30a2ae31a2b2a87a52e34c149b5ee334aac833.jpg
437029629,1612859895,眦尉丨眔帝,2,5,保密,对，这个人懒死了，什么都不想写,http://i0.hdslb.com/bfs/face/2a0d068588684a3f24f97859e26443f56612649f.jpg
1024152662,1612414873,保护秘境功夫兔,0,2,保密,,http://i0.hdslb.com/bfs/face/member/noface.jpg
351764307,1605435378,不染墨白-,2,4,保密,,http://i0.hdslb.com/bfs/face/822f1c3a8b187cd40ab8e0760fbe5a6c0405f803.jpg
33414161,1597749081,无限多边形,1,5,保密, ,http://i2.hdslb.com/bfs/face/1af17bf47552481146132659d228b9c9ac4081c3.jpg
357080002,1595249577,_雷杰多,1,5,男,到二仙桥，走成华大道，只能拉一点点,http://i1.hdslb.com/bfs/face/fc07905ab2b3ef6f8be600c37115e2cde5d0070b.jpg
363835754,1595006955,不喝酸奶的,1,3,保密,哈哈哈哈✨✨,http://i2.hdslb.com/bfs/face/db8c4f977e26885c7b121ef9b4bd0698e1abf6fa.jpg
234389577,1594092163,绯色amp记忆,1,5,男,,http://i0.hdslb.com/bfs/face/6368b6e19988799456fe56896fef9a7ec0c670b5.jpg
472052991,1592497026,bili祢豆子,1,5,保密,,http://i0.hdslb.com/bfs/face/ad67594522647055c787942122670e8f272b2d5a.jpg
441433622,1583054500,坚韧不拔请叫爸爸,1,4,保密,心事是哽咽在喉咙里的一口血,http://i2.hdslb.com/bfs/face/7f4e1cfba3de5da37d5c092bde47f57dc96a8f38.jpg
296443511,1582652992,初之嘤,1,5,男,喜欢记录一些游戏日常，还有日常生活,http://i2.hdslb.com/bfs/face/f26042d149cedbc87dd5cea1b07bc117b1601182.jpg
480366333,1582512988,纸忆蓝空,1,4,保密,,http://i0.hdslb.com/bfs/face/62206cdb7332afd535633fcb71df5e40e9fe7057.jpg
4005405,1582260052,血色佣兵,1,5,保密,,http://i0.hdslb.com/bfs/face/349a6d8b5d2bb2a3f1bdc29f378c8e8a85756223.jpg
330346375,1582036073,萌新rr,1,5,保密,hgvv,http://i1.hdslb.com/bfs/face/dfe77fd9fb029011dbdde35e6960f652ead8ee84.jpg
390019166,1580807665,洛可夕,1,4,保密,时间流逝的很快我只想喜欢你,http://i2.hdslb.com/bfs/face/789ad20c2f19a5c3e60b709fb7296bd32f6ee330.jpg
486830149,1578153810,氪命院盖茨,0,4,保密,我是氪命茨，如果是特摄迷请交个朋友，喜欢特摄我们就是朋友 ,http://i1.hdslb.com/bfs/face/8234a46f17b58e504a83ab9f95afd0c7423a0791.jpg
326934468,1574369463,吹口琴的王溅人,2,4,保密,口琴界，老资深萌新....... ,http://i0.hdslb.com/bfs/face/52ecfedd5d71e4a30b40b3ad5f3b4634005575cb.jpg
337897976,1570322680,真-古月の狐,1,5,女,,http://i2.hdslb.com/bfs/face/bf759f6044ba6465cb896ae4e3019004e2b74b13.jpg
392363323,1564665822,大昌市扛把子,1,4,保密,,http://i1.hdslb.com/bfs/face/75526ff263ec5fdfa538206227ffa76832b4596b.jpg
200289399,1564624531,大爱银hun,1,2,保密,,http://i0.hdslb.com/bfs/face/c1efed934da072b30af7a3a6be6e35de0846d8b8.jpg
328109073,1564296103,不-正-经-的-名-字,1,5,保密,,http://i0.hdslb.com/bfs/face/fb54f676d66158fe66886c425b5c3b382481f5bb.jpg
87107800,1563447100,QQ古月琳,2,5,保密,,http://i1.hdslb.com/bfs/face/4c7dd84f2d2cda4a91266e7015eab88cadd37c44.jpg
40841716,1563392464,angel族长,1,4,保密,,http://i1.hdslb.com/bfs/face/60ba481dbf11bc60cbe6f8a1e7ed56034afdc381.jpg
162787974,1562672734,rushmore_,1,5,保密,again 今天也做了个美梦,http://i0.hdslb.com/bfs/face/5f8c616eb0ebe8b19c804f8d63c6149238deb07c.jpg
171703885,1562206786,二次元月月鸟酱,2,5,保密,,http://i1.hdslb.com/bfs/face/90e16f2886f9548fe27a7d4e3ba165e9e47d88b2.jpg
34532940,1562198155,我的心永远属于百运,2,5,保密,攒改名字用的硬币要多久呢？,http://i0.hdslb.com/bfs/face/dec8f4b061ce25fe1bf73627a402d7459f06607a.jpg
372346732,1561631358,解决骷髅,1,4,保密,加油学习加油(ง •̀_•́)ง,http://i1.hdslb.com/bfs/face/204c79e2ffc31a5e79d81c9b2553ae84860e06b0.jpg
360807843,1561170254,霸王龙大分队,0,3,保密,愿你的身后总有力量,http://i0.hdslb.com/bfs/face/700eb9c4ac70e29ac3927db88b874d3743a8b15b.jpg
105134552,1560957390,树上的李,2,5,保密,吾心吾行澄如明镜，所作所为皆是正义,http://i2.hdslb.com/bfs/face/b7db834b717405ddfc5f13b186c7ac7d3fa29790.jpg
89475013,1560811413,夜语霓喃,1,3,保密,傲慢的孤狼,http://i1.hdslb.com/bfs/face/bcc47a6288f869c5ac3faf0503601fce3440769e.jpg
10800493,1560231996,鸢一折纸的卡子,2,5,保密,,http://i1.hdslb.com/bfs/face/085733bcc659e96350ea21b26b19fa70e4367876.jpg
40882685,1559882038,喵二爷Kira,1,5,男,做人如水，做事划水,http://i2.hdslb.com/bfs/face/49f3abb3301161a6dcc107f09d4f16fd64bbd06a.jpg
411506247,1558609332,魔鱼超人王民,1,5,保密,忍耐潜隐，心如磐石，耐心晶甲魔鱼超人战斗,http://i0.hdslb.com/bfs/face/bc1bc1ff43bbe42d1bee660d9b3e35e38e4819c8.jpg
3418257,1557880713,显性记忆,2,5,男,,http://i0.hdslb.com/bfs/face/099b707ef89fd63e3a294add8e11356814ec0dd2.jpg
86253620,1557577502,奇特的盐,1,5,保密,,http://i2.hdslb.com/bfs/face/902dc3f16549a9b73c6f1c93a7310d7fd658f5d1.jpg
86488300,1556509535,黑帮你龙哥,1,0,保密,,http://i0.hdslb.com/bfs/face/member/noface.jpg
32961445,1555167576,小橙子Q3Q,2,6,保密,略萌,http://i1.hdslb.com/bfs/face/47480fd8ab5a9378d7637b944b63c32d0f1fee17.jpg
412575199,1554395398,95608220603_bili,0,2,保密,,http://i0.hdslb.com/bfs/face/member/noface.jpg
23157006,1554356729,荟荟荟荟荟荟荟荟荟,1,4,保密,嗯？看什么？难道想顺着网线来找我吗？,http://i0.hdslb.com/bfs/face/2cbdba958291f520179b9bba9ad976859480100e.jpg
87459619,1554337652,北色_,1,5,保密,,http://i1.hdslb.com/bfs/face/ed48fe98019ce7a8fb2719cd1eda1655ac47af62.jpg
381681706,1554285570,无人问津的花,2,4,保密,,http://i1.hdslb.com/bfs/face/88bf54513d6f08a3a8608f8f42905c865af085bd.jpg
13229458,1554266049,Remao030,2,5,男,自分を愛さなきゃ 他人(ひと)も愛せない （苦笑）,http://i1.hdslb.com/bfs/face/26ea877800e27341e05163d4f9f36918caa1a5ff.jpg
53496849,1553980157,落溪桃花梦,1,5,保密,,http://i0.hdslb.com/bfs/face/fe64bcac9e38dedf861f86313419dffe4add1f5d.jpg
95660479,1553320990,一切皆是缘分,2,5,保密,杨超越姐姐，加油。,http://i1.hdslb.com/bfs/face/4e830db075731a5de7e6572bcfba36642dd05a3e.jpg
408186035,1553259443,74075687942_bili,0,0,保密,,http://i0.hdslb.com/bfs/face/member/noface.jpg
157708045,1552834581,NSJim,1,4,男,来！让游戏开始吧！,http://i1.hdslb.com/bfs/face/36925f662e6bc2e00eb545bc301c8cc03c0465ea.jpg
407506135,1552739525,65127880812_bili,0,0,保密,,http://i0.hdslb.com/bfs/face/member/noface.jpg
86254821,1552738852,丹特埃克萨姆的爵士梦,1,5,男,虚伪的眼泪会伤害别人，虚伪的笑会伤害自己,http://i0.hdslb.com/bfs/face/ae6161c6aafb1cabb3d7342a18aca9b1a7c6e371.jpg
91461076,1552630128,超级大憨包,1,5,保密,目标是十杰第一,http://i1.hdslb.com/bfs/face/6411d50eceec016eb214e079e13c43239ca22567.jpg
29965300,1552210896,我的节操又被我吃了,1,4,保密,嘤嘤嘤,http://i1.hdslb.com/bfs/face/b21d4e96976c7c7ed2fad836a589c12ac84de0d6.jpg
395855972,1552055662,南宫1919,2,5,保密,,http://i2.hdslb.com/bfs/face/40731d3ef1a4115df21f17c8e35d1ff6bfa4b5e5.jpg
99525236,1551580555,天神肉,0,4,女,,http://i2.hdslb.com/bfs/face/21794f5503c897f2a24738cdd1d8aa1de0d5a10e.jpg
398912564,1550749295,56585755154_bili,0,2,保密,,http://i2.hdslb.com/bfs/face/0dd0a486c7c27361c5c133ae3c482ee8202e3955.jpg
7895897,1550167893,玩惧,2,5,保密,,http://i2.hdslb.com/bfs/face/69faf1717829f3c7aebd59a886203071beeb3017.jpg
68405373,1549849055,上碗红粥,2,5,保密,无聊看看剧,http://i0.hdslb.com/bfs/face/f3069ec6dc731ea147c33091711bc1f658d01148.jpg
621920,1549840687,野原广志w,2,6,男,喜欢就收藏下，会点日语。有问题可以私信。,http://i2.hdslb.com/bfs/face/5fd98f9942b0790e5a50fcdaeb430d093b5b4b5d.gif
16556525,1549806464,放学后的茶会,0,5,保密,,http://i2.hdslb.com/bfs/face/84916baf575d67f2c8fd8ca7dcccb715cd2ab64a.jpg
287080079,1549788918,二位规定,2,5,保密,,http://i2.hdslb.com/bfs/face/ca9c8728978f2fb467a60785019d63fe6952ff56.jpg
179015751,1549783917,粤语就是方言,1,5,保密,举报我？老子当头像用。,http://i0.hdslb.com/bfs/face/0bec17cb2a2fd4bcdef5100fd12a1e225a24fd9a.jpg
295426955,1549764332,无A谓,0,5,保密,,http://i2.hdslb.com/bfs/face/4f80670dfc162f83575dd2d8d955dbea11afbae2.jpg
98718847,1549546754,高木芯之助,1,5,保密,坐标广西柳州 高一狗 喜欢吃零食的UP猪 民以食为天 你还太年轻 ( ৺ ◡৺ ),http://i1.hdslb.com/bfs/face/d33e0c94454fcab434fedf7c34f28294ba17146f.jpg
11432932,1549535069,Azure清风,2,5,男,清风明月，不劳寻觅,http://i1.hdslb.com/bfs/face/fada8332477b29a604978501f0e1adb7732fa62c.jpg
294061649,1549459221,时崎六花真白,1,4,保密,面对纱雾和书记我将如何选择呢，没错，我选狂三,http://i2.hdslb.com/bfs/face/f2460c0542c0c2fc5291d3233cdaabdc3f9ec93d.jpg
35685971,1549030162,夜空中最冷的风,2,5,保密,,http://i2.hdslb.com/bfs/face/1df0500ea47426567c11a2d6d36a76f4f9ae238c.jpg
89075819,1548733111,映叶_Yingying,2,5,保密,,http://i2.hdslb.com/bfs/face/6b8f566e0827b3d31a339465c6354a477d0e6162.jpg
15363573,1548688338,雨霁青山,2,6,男,自古以来，能和虎相提并论的，就只有龙,http://i0.hdslb.com/bfs/face/d790b3f5ffb266f48645a5677b68422400b58f24.jpg
332843976,1548670528,玖奈K,1,3,女,如果世界否定你，那么，我便为你背叛全世界。挥动我的镰刀，为你斩除一切障碍。,http://i0.hdslb.com/bfs/face/1d08e99cdd5868e12756d6d79cdefc0dc7e7c42d.jpg
305668438,1548570115,udhruf,1,4,保密,,http://i1.hdslb.com/bfs/face/dfaa4b95cc9c15907952a88e22dd330f3ce3179c.jpg
348954120,1547515198,萌小熊王-古米,0,4,保密,私は中煙の支配者で、最古の邪神萌熊凛冬です。,http://i0.hdslb.com/bfs/face/a4421259a07699a78b2b4c626624874e069fafc8.jpg
306106951,1534070639,覆天龙王的女婿,0,3,男,,http://i1.hdslb.com/bfs/face/36f6c927bd7e128e55d85b0a94732b3dfb3d7b96.jpg
313550333,1533736794,上天人入地,0,0,保密,,http://i0.hdslb.com/bfs/face/member/noface.jpg
286055848,1533712141,神也佑我小杨,0,4,保密,挑尽春风，去看四海春潮.,http://i1.hdslb.com/bfs/face/b9b5155055fba2d2c1744efc13f703a199bb47e0.jpg
112346285,1532577714,容光焕发好,1,2,保密,,http://i0.hdslb.com/bfs/face/member/noface.jpg
123175670,1532337661,不是马是独角兽,2,5,保密,有朋自远方来，虽远必诛,http://i2.hdslb.com/bfs/face/1a7fc67fb61f9642fba35df55718e2192f0e1918.jpg
170126729,1512353031,Lin-Kid,1,5,保密,,http://i2.hdslb.com/bfs/face/28b03efc680cd6fb97ef08f3c52af2ae86be7c19.jpg
