450977876,1629971124,Dearrrme,2,4,保密,,http://i2.hdslb.com/bfs/face/38a7a000cd1c58a0ad7042e1dada8495d885e276.jpg
244400352,1629971100,AngelHeathaway,0,4,保密,,http://i0.hdslb.com/bfs/face/c638cb9b1899ecba0894e4829bddaa2655b91ffb.jpg
35660449,1629971092,巴尔的老公,1,5,保密,,http://i1.hdslb.com/bfs/face/67922fbda92b2a747af2f97219eb468533a4952f.jpg
228252962,1629971064,乐乐Goro,1,5,男,尚未佩妥剑，转眼便江湖。愿历尽千帆，归来仍少年。,http://i2.hdslb.com/bfs/face/26397c1b49d479cbc7437bb0bb6e0ad6de348452.jpg
2128048865,1629971046,Kikovie,1,2,保密,,http://i2.hdslb.com/bfs/face/d5c83af510c5bbdba1530d15d827635e2d627e58.jpg
289048667,1629971033,福德罗斯福,2,5,女,扑街仔,http://i2.hdslb.com/bfs/face/e300ca209d8c40743f40a31c7916ebb0a005ca9c.jpg
1549173004,1629971019,bili_71240882974,0,3,保密,,http://i0.hdslb.com/bfs/face/member/noface.jpg
220986061,1629971018,坡上吼情歌,2,0,保密,,http://i0.hdslb.com/bfs/face/member/noface.jpg
171962882,1629971011,初二帆名,1,5,保密,在模仿中找到自己的风格。 活跃的创造力需要每天的练习。 梦想的南君J，感兴趣的超多，想点亮一本技能书 … 但是， 春困夏懒秋乏冬眠…,http://i2.hdslb.com/bfs/face/7b3011bd8063ff499d66d1c2fbc457476da23ad1.jpg
26332935,1629970999,天鬼蜀黍,1,6,男,,http://i0.hdslb.com/bfs/face/d8e1547dbf45e2994555be687959fe9fd33765ba.jpg
277206676,1629970987,说好的回电话,2,5,保密,,http://i1.hdslb.com/bfs/face/e09dca7ca9f73760d36538f689b038dbe86d26ca.jpg
92374815,1629970977,张郎顾,0,4,保密,,http://i0.hdslb.com/bfs/face/e85d7ab3425d3dd0f0796bd7f945b47ac27ca82a.jpg
272441466,1629970967,吾王萌呆毛长长哒,2,5,保密,,http://i0.hdslb.com/bfs/face/d63959e013a9d1825d7a477b661ed99f4c6abda1.jpg
11224144,1629970958,在逃嘎嘣脆,0,5,保密,,http://i1.hdslb.com/bfs/face/6985f5959741f7fb1f96d2a4c39b6f25e8e6f3ac.jpg
351520997,1629970949,21238151237_bili,0,2,保密,,http://i0.hdslb.com/bfs/face/member/noface.jpg
398869412,1629970908,全不能小笨蛋,2,5,保密,相信永远有温柔与感动❤️,http://i2.hdslb.com/bfs/face/8d5e55aebf2681685b0da2adde5b83b1bcaf4ae6.jpg
476515809,1629970845,钛合金护盾,0,4,保密,,http://i0.hdslb.com/bfs/face/ded6f4cd2c29cd0e6827832f0e76d3a8c6529d48.jpg
358387317,1629970843,朱一龙的小松鼠,0,4,保密,,http://i0.hdslb.com/bfs/face/member/noface.jpg
266161847,1629970813,sunndday,1,4,保密,,http://i2.hdslb.com/bfs/face/698fd694220ba93b373ec4677a691ad6ee6b7f4b.jpg
526354319,1629970813,bili_25023070141,1,3,保密,,http://i2.hdslb.com/bfs/face/62d747d4f91d54063de8191d8baec48cbce467d8.jpg
397684109,1629970809,煨番薯张摸鱼,0,4,保密,,http://i2.hdslb.com/bfs/face/65eda9e954209ad56d5f39e315c390f01f681239.jpg
388344122,1629970808,种花家的小豆苗,0,4,保密,,http://i2.hdslb.com/bfs/face/fd0d34a5269546f547e598b509fb4a62f1fcd6ee.jpg
20360685,1629970804,hoollycrab,0,5,保密,,http://i0.hdslb.com/bfs/face/dd220e373091aa7b1fa59c225615ce641e9b890d.jpg
640827076,1629970799,品味-慢生活,0,3,保密,,http://i0.hdslb.com/bfs/face/member/noface.jpg
457150462,1629970794,隅下诗趣,0,2,保密,,http://i1.hdslb.com/bfs/face/bdf4b65b49fe0d2683e88a14cc5e1b8da56d518d.jpg
385187111,1629970786,纠结坚持锻炼,0,4,保密,,http://i2.hdslb.com/bfs/face/992a174b6a8edc816bd235a714c137d06afc0c42.jpg
407668918,1629970785,是小音音啊,2,4,保密,搬砖审计小仙女  热爱学习 ,http://i1.hdslb.com/bfs/face/72c8768e6cf5602764f9b33bb70f186fca978e67.webp
176117579,1629970777,FYIcjudo,1,4,保密,,http://i2.hdslb.com/bfs/face/d29494b9a3793e8459d4034cbdf58a4c6863669f.jpg
1139529786,1629970769,bili_56698771175,0,0,保密,,http://i0.hdslb.com/bfs/face/member/noface.jpg
270854148,1629970767,好好学习的柯基a,1,5,保密,,http://i0.hdslb.com/bfs/face/3814fb22916e51a0b2197f73d05ca18c9db4b691.jpg
177859446,1629970758,安风木槿,0,0,保密,,http://i0.hdslb.com/bfs/face/member/noface.jpg
398932936,1629970705,卡尔-同志,1,5,保密,,http://i1.hdslb.com/bfs/face/c7d76f42bdcd5e2df8b4bfd7aaa711d4ca352c54.jpg
502741132,1629970697,吱吱仙人,1,4,女,奇奇怪怪,http://i1.hdslb.com/bfs/face/3ea399be9e920a8779badf0ac031386d8c1a8cbf.jpg
357541535,1629970677,一小盒梨,0,4,保密,塑料落到了木地板上,http://i2.hdslb.com/bfs/face/e4b7e3033f63d20f4ff7765656e4c2f2ce05d3fd.jpg
395984841,1629970674,48993713372_bili,0,4,保密,"Slave to The Road, Stuck By Your Side. ",http://i0.hdslb.com/bfs/face/6f93357d4c2323e8ca2ba0f6270a25d6f6656a99.jpg
26344000,1629970636,Annlie,2,5,保密,,http://i1.hdslb.com/bfs/face/dadaf69232e385cd2685951012255c26731504b0.jpg
651212517,1629970630,bili_32979397755,0,0,保密,,http://i0.hdslb.com/bfs/face/member/noface.jpg
1237839525,1629970611,bili_66309949847,0,0,保密,,http://i0.hdslb.com/bfs/face/member/noface.jpg
589422463,1629970585,强wqq,0,2,保密,,http://i0.hdslb.com/bfs/face/member/noface.jpg
346405809,1629970570,19763352996_bili,0,3,保密,,http://i0.hdslb.com/bfs/face/member/noface.jpg
1410295044,1629970567,小阿索隆,0,2,保密,,http://i0.hdslb.com/bfs/face/ccdc933445e49f27cc8dcf130d179f576e251ebc.jpg
179390915,1629970564,保密橘橘长,0,3,保密,,http://i2.hdslb.com/bfs/face/d3f46c85cc7b5374332c4c62cf0ec89261d71838.jpg
16615706,1629970555,Cqy追逐梦想,1,5,保密,,http://i2.hdslb.com/bfs/face/eb5590b75052391364345b58fe1461414ab43cb3.jpg
91140886,1629970552,涵宝贝宝贝,0,3,保密,,http://i1.hdslb.com/bfs/face/b08b392c60003b883de4c8b74e6e74af04a109e4.jpg
487983926,1629970512,bili_87505128137,0,0,保密,,http://i0.hdslb.com/bfs/face/member/noface.jpg
12724997,1629970471,科蜜灬,1,5,保密,啦啦啦,http://i2.hdslb.com/bfs/face/9c8ca7fe071d41ffb4ad3d8cdac0aace086fb205.jpg
31299575,1629970467,什么鬼啊呀,1,5,保密,,http://i2.hdslb.com/bfs/face/737f2549ced8218cca5a3c5dccfaddd73e2935d9.jpg
85504398,1629970456,胖速速,2,4,保密,,http://i0.hdslb.com/bfs/face/member/noface.jpg
150383026,1629970452,阿菁的生活要快落,1,5,保密,如果不抓紧时间重新开始，就会一步一步陷入泥潭！,http://i1.hdslb.com/bfs/face/82e3f305827d3753fec73a4962e404a2e4a35914.jpg
362403792,1629970430,贪吃贪睡的乌毛毛,1,2,保密,,http://i0.hdslb.com/bfs/face/374d1a1772a78f8ff91ba14a18bc9dd1e7ee3691.jpg
161773352,1629970416,SASCT,2,6,保密,,http://i2.hdslb.com/bfs/face/4b33d18b1494326460a9a23c10b6f24d47798d5e.jpg
613275348,1629970416,考的上xxxxx,1,2,保密,,http://i0.hdslb.com/bfs/face/6c1d232ee88f9945956eb648ab6524266efa548c.jpg
527917937,1629970415,bili_59795769584,0,2,保密,,http://i2.hdslb.com/bfs/face/9c3530ad42d3ec417d8b74e98f87a1799493a89d.jpg
37597604,1629970391,quetal,0,4,保密,,http://i2.hdslb.com/bfs/face/46767d98b42d75c223ad17fa47f1d5afaa18f8d2.jpg
279181932,1629970388,啧啧WY,0,5,保密,,http://i0.hdslb.com/bfs/face/18ff8323dccfba4e2f21c82954672331c323f799.jpg
454693721,1629970381,吃啥呢嘿,1,4,保密,我们一定要再相见,http://i2.hdslb.com/bfs/face/5cf57fdd2276abe33574e5be2b899d2512915cc6.jpg
23308642,1629970362,ddmecho,1,5,保密,,http://i1.hdslb.com/bfs/face/12abe13a5dd341409d400b732e07163bc6a5de4e.jpg
65345105,1629970349,15546781415,0,3,保密,,http://i2.hdslb.com/bfs/face/8d0a3461dff53b62606a2dda3da6ca6d8c1ac980.jpg
268586291,1629970333,嗨该打卡了,0,5,保密,,http://i0.hdslb.com/bfs/face/member/noface.jpg
37550667,1629970295,奔跑叭肉肉,0,3,保密,,http://i0.hdslb.com/bfs/face/58ea797a7411a815a14b52b61fbc9e2af89608c6.jpg
499875519,1629970248,诶亚吖,0,3,保密,,http://i0.hdslb.com/bfs/face/795b023d00f7a605b87f228df0cfcf0e9aa6307d.jpg
123748760,1629970245,龙族动画,1,5,保密,不要温和地走进那良夜,http://i2.hdslb.com/bfs/face/03a6009bc03fdcbee07406973b51b62eeb5e73ae.jpg
10506238,1629970234,kateoishi,2,4,保密,,http://i0.hdslb.com/bfs/face/member/noface.jpg
569812163,1629970208,博南official,0,4,男,Which side are you on？,http://i2.hdslb.com/bfs/face/1fefe7ed12f0a959ceecd6f94a4a399b09545945.jpg
395190594,1629970203,48814588649_bili,0,4,保密,,http://i0.hdslb.com/bfs/face/member/noface.jpg
13129145,1629970185,teico501,2,0,保密,,http://i2.hdslb.com/bfs/face/c38e2339a9d84ed6fb7c2df7669553da6be73fcc.jpg
90852387,1629970184,玛卡町可,1,4,保密,无追求 非少女,http://i0.hdslb.com/bfs/face/c6973480b1acc46f1feb64f0bcc43e6d2ccb2572.jpg
2093871823,1629970181,热爱学习的晨晨子,1,2,保密,,http://i1.hdslb.com/bfs/face/b0a7910f59c117fcf25e186b8d11c4a1fab5f7e9.jpg
41771069,1629970144,小白欠骂,0,3,保密,,http://i0.hdslb.com/bfs/face/member/noface.jpg
342839905,1629970142,Epiphany666,1,4,保密,今天搬砖不狠明天地位不稳,http://i1.hdslb.com/bfs/face/dc93110835dd8c2522dab1307a9221840adb3241.jpg
181422509,1629970126,扣门吧,2,5,女,爱看番的成年人,http://i2.hdslb.com/bfs/face/46572634712316ab8ca390f3f59c87f4a0785dcb.jpg
117168250,1629970115,追梦人2099,0,3,保密,,http://i1.hdslb.com/bfs/face/b1f2040891dfd65f98f2c5b8a18f78a53e21001a.jpg
28507188,1629970108,小x小x哈哈,1,5,保密,,http://i0.hdslb.com/bfs/face/member/noface.jpg
69947928,1629970090,子非鱼安知鱼乎,0,5,保密,,http://i0.hdslb.com/bfs/face/5bdf0985bc9aca30d5aa1b8888fe8146220d9562.jpg
494653519,1629970067,yxc420,0,0,保密,,http://i0.hdslb.com/bfs/face/member/noface.jpg
17384996,1629970065,图樂樂樂拉,0,4,保密,,http://i2.hdslb.com/bfs/face/0bfbd17a53956d1418c98c964956d60f80a934b6.jpg
505287749,1629970033,冰月玉尘,0,3,保密,,http://i2.hdslb.com/bfs/face/f2abd6b0c2665f3fbd345405254c446cebecb836.jpg
24540017,1629970028,绕前门,2,6,男,,http://i2.hdslb.com/bfs/face/8592ca7422ddd42f6137daebccedac15eadbd837.jpg
433254249,1629970010,Cecilia不吃香菜,1,4,保密,不定时更新之前的视频和每天都上课视频，同学们加油！从5.16之后上传的视频都标注了视频是从武中网课转载。也不知道有没有事。害,http://i0.hdslb.com/bfs/face/5887fb4355536cf9f43c365069cc5ecedcfadc37.jpg
517345399,1629970008,坚果的立场,0,2,保密,哦,http://i1.hdslb.com/bfs/face/31453cac2634425bbd9b2db9ae47a8254a265805.jpg
558190090,1629969975,天下有熊0928,0,3,保密,,http://i0.hdslb.com/bfs/face/member/noface.jpg
500592838,1629969968,啊哈哈580,0,3,保密,,http://i1.hdslb.com/bfs/face/cdd23a56292f350f577e464dc53e4f34e799c1c4.jpg
13354213,1629969957,唐错晓,2,5,保密,biubiubiu~~,http://i1.hdslb.com/bfs/face/7302e76f91d5ec1b60d51a6dbe6d7909e7322d8d.jpg
502719872,1629969952,bili_28023231853,0,3,保密,,http://i0.hdslb.com/bfs/face/member/noface.jpg
29134043,1629969937,MissMC233,0,3,男,,http://i2.hdslb.com/bfs/face/66c6314281876bd1bc016975c65f773431d96cad.jpg
314297634,1629969937,其叶_dove,0,4,保密,北盐小阔耐需努力,http://i0.hdslb.com/bfs/face/9bdcb55584853fefacedd377567ddfb7d35a1190.jpg
30781151,1629969889,聚焦zd,0,4,保密,有你真甜。,http://i2.hdslb.com/bfs/face/6384b1e641db23e7d638f23bffb8110a0a2eaad7.jpg
80748043,1629969881,大头小鬼下雨不愁,1,4,保密,,http://i1.hdslb.com/bfs/face/bcd0ad6f107f407bc0e2267f61219d644e51f05f.jpg
16498388,1629969861,弗伽洛熙亚,0,5,保密,,http://i2.hdslb.com/bfs/face/2db3bc0dbd200d5337e04cc45ce7d7713f8188d6.jpg
16459920,1629969810,fbvdyb,0,3,保密,,http://i0.hdslb.com/bfs/face/6085ff1710a319d46d332dee7c6cf6172e8e452a.jpg
18273939,1629969809,宁宁8103,0,0,保密,,http://i0.hdslb.com/bfs/face/member/noface.jpg
693487085,1629969801,糖果色的夏天-,1,0,保密,,http://i2.hdslb.com/bfs/face/8a3f66964b871a54c4788b7dccd1782f1ce6270e.jpg
1114213931,1629969800,bili_19879874785,0,0,保密,,http://i0.hdslb.com/bfs/face/member/noface.jpg
17712592,1629969775,May卷卷,0,4,保密,,http://i0.hdslb.com/bfs/face/member/noface.jpg
397846165,1629969751,阿泰瑞斯,0,3,保密,,http://i0.hdslb.com/bfs/face/member/noface.jpg
553466389,1629969750,bili_20387674894,2,0,保密,,http://i0.hdslb.com/bfs/face/member/noface.jpg
689123524,1629969715,bili_25069205564,0,0,保密,,http://i0.hdslb.com/bfs/face/member/noface.jpg
34417008,1629969663,年少挽滑稽世无双,2,6,男,盖牌认输永远不在选择之列,http://i0.hdslb.com/bfs/face/e2c85d60350561da09e5a924bee114ab8852ca35.jpg
368319866,1629969654,73266692432_bili,1,0,保密,,http://i0.hdslb.com/bfs/face/member/noface.jpg
38700270,1629969640,午觉星Jessica,2,5,保密,,http://i0.hdslb.com/bfs/face/d60d2fe47e8249e701a61da78e5a2d2ef0f635d0.jpg
38700270,1629969640,午觉星Jessica,2,5,保密,,http://i0.hdslb.com/bfs/face/d60d2fe47e8249e701a61da78e5a2d2ef0f635d0.jpg
122339806,1629969609,南风春煦,0,4,保密,脸之大，不知其几千里也,http://i1.hdslb.com/bfs/face/e496761a3c5afd153fb998ba0827b8e3b364eda9.jpg
487737326,1629969600,瑾言语,1,2,保密,,http://i2.hdslb.com/bfs/face/dc2e3d8e6dcf447b34d339f889d65db0e741ae1a.jpg
183694140,1629969589,然然今天吃棉花糖,2,5,保密,查成分是吧,http://i0.hdslb.com/bfs/face/50fc4ac568dc8e6f28c6a2f0533068d228e49d41.jpg
231931427,1629969568,咦訿弋,0,5,保密,,http://i2.hdslb.com/bfs/face/70702329a459c761ddf25b18daf786ced293a179.jpg
1524360783,1629969561,bili_65421354484,0,2,保密,,http://i0.hdslb.com/bfs/face/member/noface.jpg
34909040,1629969517,甜菜根骑士,0,5,保密,,http://i0.hdslb.com/bfs/face/member/noface.jpg
471155676,1629969496,高山流水康,2,5,保密,,http://i0.hdslb.com/bfs/face/912487b4ba8a6576b587171fa06eeb3e1ffc8dd4.jpg
553243823,1629969491,珊瑚月色蒙,0,2,保密,,http://i0.hdslb.com/bfs/face/member/noface.jpg
417557607,1629969461,范Fan酱,2,4,保密,准备22考研中,http://i0.hdslb.com/bfs/face/290ac56e064697b0e61bd14e40ff749c3f90f514.jpg
1131723742,1629969452,bili_34329457107,0,2,保密,,http://i1.hdslb.com/bfs/face/0e85715075b888fd140a5c80d533504e5d025afa.jpg
405509510,1629969416,0012140921,0,3,保密,,http://i0.hdslb.com/bfs/face/member/noface.jpg
472413036,1629969380,bili_39423798567,0,2,保密,,http://i0.hdslb.com/bfs/face/member/noface.jpg
477393899,1629969380,bili_87998413443,0,4,保密,,http://i0.hdslb.com/bfs/face/member/noface.jpg
426844771,1629969363,老周一号,0,2,保密,,http://i1.hdslb.com/bfs/face/b81ba164eed9ed146548daf6f783b9e524fba382.jpg
44586506,1629969309,lufei小景,2,4,保密,,http://i0.hdslb.com/bfs/face/member/noface.jpg
15748218,1629969308,garywuggg,0,3,保密,,http://i0.hdslb.com/bfs/face/member/noface.jpg
486578004,1629969225,bili_32529027713,0,0,保密,,http://i0.hdslb.com/bfs/face/member/noface.jpg
26954580,1629969218,yolandazs,1,3,保密,,http://i0.hdslb.com/bfs/face/f375b4ebcd622085e2352228a49706be88f43380.jpg
19723241,1629969204,一只老咸猫,2,5,保密,现世皆梦，夜梦唯真,http://i2.hdslb.com/bfs/face/3d94eb5a168eaaf44121a3b24b8c68da64a198f3.jpg
338751426,1629969179,我是祎祎祎祎耶,1,5,保密,我要看遍猪猪建厚、仙女娜恩、天才小好、甜甜jamjam、帅气可爱gagman威廉、本特利、本命郑容和、实力与颜值兼并的沙雕N.flying！,http://i0.hdslb.com/bfs/face/783a0e90faa0adce0afd98eb184e95bf010af5b5.jpg
51439851,1629969177,鱼锦哗哗,0,4,保密,,http://i0.hdslb.com/bfs/face/3f365f70a4f5df3af7b3e4efd61a9746400182d2.jpg
4374304,1629969137,DJ啊DJ,2,5,保密,(⊙_⊙)╭(°A°`)╮(ง •̀_•́)ง(ฅ&gt;ω&lt;*ฅ)嗯嗯。,http://i1.hdslb.com/bfs/face/4a2bd9cdba85eff0e4e201cc65234f38504f9ef7.jpg
85960520,1629969110,江月一鹤,0,5,保密,,http://i2.hdslb.com/bfs/face/ba4d28eec461960b9b12cc42dc6a65d064de6dce.jpg
295068101,1629969061,Champanizee,2,3,保密,,http://i2.hdslb.com/bfs/face/daf17e8a8fd4423c7c1e0a3c36664256d7539a30.jpg
162778879,1629969041,AabcdBabcd,0,5,保密,,http://i0.hdslb.com/bfs/face/member/noface.jpg
1644044998,1629969025,戴克里先Official,0,2,保密,,http://i1.hdslb.com/bfs/face/13e8b220b80a4514047efe10b68e578da609da0d.jpg
34546574,1629969015,游骑440202,2,5,保密,游戏界的毒瘤，最喜欢的是恐龙????,http://i2.hdslb.com/bfs/face/282198daf7ec2ca95bd9f88c0440e0ad25d090ec.jpg
275633841,1629968994,BimmerCC,0,5,男,“伪车迷”、只玩汽车类游戏 、会点儿钢琴、保时捷粉+宝马粉,http://i0.hdslb.com/bfs/face/dc221563741e8131aca3d1ce0370c7c2c36e0630.jpg
499220102,1629968989,MV5VM,0,4,保密,,http://i2.hdslb.com/bfs/face/1e3be604d8a9e7e979d4b9bf9382b9c54bb68f6f.jpg
512414685,1629968963,Aq西西子,0,2,保密,无,http://i0.hdslb.com/bfs/face/eb8c15584abef5b05fa2ab9da419d43d4bc2b285.jpg
52509424,1629968927,换一个昵称很好,0,4,女,,http://i1.hdslb.com/bfs/face/b85feb75109fc41e436fd923dbd980644d427cdf.jpg
123189014,1629968924,假的paola,1,5,男,叔叔我啊，最喜欢钱了,http://i2.hdslb.com/bfs/face/fc4b030c6d5b25b8d37628a1e7e154c95e494849.jpg
1997309964,1629968923,hahaha_168,0,3,保密,,http://i0.hdslb.com/bfs/face/member/noface.jpg
395838816,1629968921,一般通过死宅,1,5,男,galgame玩家，是学生。,http://i0.hdslb.com/bfs/face/2ca45dcdc4f9842ec37c0daacdfdebdc298a4eb7.jpg
1700683933,1629968916,Lunaedasy,1,2,保密,,http://i0.hdslb.com/bfs/face/member/noface.jpg
674605454,1629968906,少年志高不言愁,1,3,保密,,http://i0.hdslb.com/bfs/face/member/noface.jpg
1091505197,1629968902,沙发底还上班,0,2,保密,,http://i0.hdslb.com/bfs/face/member/noface.jpg
23401817,1629968899,dreamofkitty,0,5,保密,,http://i2.hdslb.com/bfs/face/95a469f278da89bd48a5de1d17b29037461abd77.jpg
372185653,1629968844,十二维的地球七七,1,4,保密,心情和天气有着莫大的关系,http://i1.hdslb.com/bfs/face/c75137d00e68b8922b96765cd2a9c51de2310c8d.jpg
427947275,1629968841,烟火隔林深,2,0,保密,,http://i2.hdslb.com/bfs/face/af59f24421f35eaca0829110ef1057e756145dcd.jpg
38778567,1629968834,羊洋崽崽儿,0,4,保密,,http://i0.hdslb.com/bfs/face/86d5e08958717e3cc08683ff96229b0e18703efb.jpg
35524223,1629968830,18247556666,0,4,保密,,http://i0.hdslb.com/bfs/face/member/noface.jpg
108108127,1629968761,Principlekid,1,5,保密,,http://i1.hdslb.com/bfs/face/19e24229299bf3034f076422bfc49ec49fd1d39d.jpg
484189978,1629968740,林才凤,0,4,保密,,http://i1.hdslb.com/bfs/face/6d6cbe52ce75316a474298fdb754bc7e28be7a8b.jpg
702832115,1629968701,bili_35760790437,0,0,保密,,http://i0.hdslb.com/bfs/face/member/noface.jpg
1697612905,1629968696,hhhhhhofodiidd,0,2,保密,,http://i1.hdslb.com/bfs/face/7aa91c442e9be242ac6096de57a33ec572653ad4.jpg
402613245,1629968690,Paeans,1,5,保密,,http://i0.hdslb.com/bfs/face/35800eef51fa042e33453f8f1726455e3ca8c098.jpg
313185165,1629968685,贡多林之王图尔贡,0,3,保密,,http://i0.hdslb.com/bfs/face/443dce3dfe2fea1efbaef7683966a6124a989ef0.jpg
201191959,1629968683,Ariアリ,2,5,保密,无,http://i1.hdslb.com/bfs/face/e99beb9cff2c0ee670be0c9d605356d123a822a5.jpg
402613245,1629968690,Paeans,1,5,保密,,http://i0.hdslb.com/bfs/face/35800eef51fa042e33453f8f1726455e3ca8c098.jpg
313185165,1629968685,贡多林之王图尔贡,0,3,保密,,http://i0.hdslb.com/bfs/face/443dce3dfe2fea1efbaef7683966a6124a989ef0.jpg
201191959,1629968683,Ariアリ,2,5,保密,无,http://i1.hdslb.com/bfs/face/e99beb9cff2c0ee670be0c9d605356d123a822a5.jpg
6271970,1629968674,madHoliday,2,5,女,三线网民,http://i2.hdslb.com/bfs/face/665cace27cb24fbb0908f9bac0a13ef2659f8d3c.jpg
514244155,1629968633,___LIVE,1,2,保密,,http://i1.hdslb.com/bfs/face/a14954e5d2172f18a6c76dbf88a138d5a0f39202.jpg
320856252,1629968621,武陵人不喜欢桃花,1,3,保密,,http://i0.hdslb.com/bfs/face/de0405167a70d75f8879e010436a37d6decf7a3b.jpg
287341234,1629968607,哈利路杨,1,4,保密,,http://i0.hdslb.com/bfs/face/member/noface.jpg
316029288,1629968596,朝歌相昭,0,4,保密,,http://i0.hdslb.com/bfs/face/member/noface.jpg
25938029,1629968568,丁子鸣休,0,4,保密,,http://i0.hdslb.com/bfs/face/member/noface.jpg
443396315,1629968568,雪刃破橙,0,4,保密,紫玉钗斜灯影背，红绵粉冷枕函边,http://i2.hdslb.com/bfs/face/9984c17b4c53f5a41cade41e57744b6fb0a0abbf.jpg
398581172,1629968556,ZHao0o,2,4,保密,一蓑烟雨任平生,http://i2.hdslb.com/bfs/face/12d52c740a7125bc9b9915cf955870c18e274269.jpg
497346510,1629968549,bili_55260187390,0,0,保密,,http://i0.hdslb.com/bfs/face/member/noface.jpg
9834749,1629968490,白哉的腿毛2,1,6,保密,爱科幻，灾难，喜剧片，KK，ARMY，BLEACH,http://i2.hdslb.com/bfs/face/2078d24e7105f96e94bc99ab271375cda689770a.jpg
432233523,1629968487,aiziyou_543,1,0,保密,,http://i0.hdslb.com/bfs/face/member/noface.jpg
433376613,1629968459,朱颜辞树-,1,4,保密,,http://i0.hdslb.com/bfs/face/f9ecbdb20a8e38294cc3a6bfb1ff5d83c9871ac1.jpg
315131658,1629968432,左撇子胖胖,0,4,保密,乔治喜欢恐龙,http://i0.hdslb.com/bfs/face/member/noface.jpg
62969540,1629968416,路猪儿,0,2,保密,,http://i0.hdslb.com/bfs/face/member/noface.jpg
22807903,1629968415,紫竹玄夜,0,4,保密,,http://i0.hdslb.com/bfs/face/member/noface.jpg
456742677,1629968415,bili_37185079303,0,0,保密,,http://i0.hdslb.com/bfs/face/member/noface.jpg
18875700,1629968403,是你我的好,0,5,保密,,http://i0.hdslb.com/bfs/face/eb07e51b2f5769be7d2e5a270787fc7c4e5f83ef.jpg
405732019,1629968375,10854650887_bili,0,0,保密,,http://i0.hdslb.com/bfs/face/member/noface.jpg
2103474457,1629968348,bili_79271593776,0,2,保密,,http://i0.hdslb.com/bfs/face/member/noface.jpg
384229172,1629968326,疯kids,0,4,保密,,http://i0.hdslb.com/bfs/face/member/noface.jpg
236992155,1629968273,lianghq01,0,4,保密,,http://i0.hdslb.com/bfs/face/06e11e3583b43639692698e924a10b61c2e92d4d.jpg
434978972,1629968272,healer1994311,0,0,保密,星光不负赶路人,http://i0.hdslb.com/bfs/face/member/noface.jpg
398308940,1629968265,你想管我啊,1,2,保密,,http://i2.hdslb.com/bfs/face/12ca819a37e0765e51a03a1ba9b016d5a38bfe81.jpg
52165725,1629968177,王骁Albert,2,6,男,明年陪你看世界，欢迎关注@小王Albert，合作联系：wangxiao_2333,http://i0.hdslb.com/bfs/face/4b7f791af4dec3b9017c6fd9993dcd2087da3159.jpg
2031300713,1629968171,Newwieedelrey,1,2,保密,,http://i2.hdslb.com/bfs/face/0358c33b963106f8add9e1ef9dac0644ca57ddb8.jpg
482421553,1629968162,Robinさん,0,3,保密,,http://i0.hdslb.com/bfs/face/member/noface.jpg
39076368,1629968139,东方子成,0,3,保密,,http://i0.hdslb.com/bfs/face/member/noface.jpg
489587259,1629968133,武节不保,1,4,男,心无女人刀刀神,http://i0.hdslb.com/bfs/face/47de69f740c11d1ecc0fc9ff29f5979f8a104583.jpg
12342812,1629968107,一尾鱼吖,1,5,保密,每天攒一点努力和可爱，换一束光和辽阔未来,http://i2.hdslb.com/bfs/face/1af2edad6980faf659b81e9a0c78768e71e3856c.jpg
186835620,1629968065,苦逼d男二号,1,5,男,一起比个剪刀手吧:),http://i0.hdslb.com/bfs/face/1d8d3828ad09fef45894ab0635c50a959c22ebd4.jpg
432523705,1629968065,前叔莽,1,5,保密,,http://i1.hdslb.com/bfs/face/0f000bc8ffedfc4af49fc43ecedd16a0298ea685.jpg
38980366,1629968064,柠檬心儿,0,5,保密,,http://i0.hdslb.com/bfs/face/member/noface.jpg
1280173866,1629968037,bili_90897821181,0,0,保密,,http://i0.hdslb.com/bfs/face/076def18104d7a5579fe67a1df253f6371eabf68.jpg
282493226,1629968032,远看星空,1,4,女,,http://i2.hdslb.com/bfs/face/e894120e63aedf00c0709733a0b04447f2ed1600.jpg
25424716,1629968025,东御坤,2,6,男,,http://i1.hdslb.com/bfs/face/b25cca48662e77b4add914e45f45a18987501b40.jpg
317700787,1629968023,懒宅肥嘟嘟,0,4,保密,,http://i1.hdslb.com/bfs/face/768ff102d462da72af4e4d74797c0334dfeacb4c.jpg
261890275,1629967930,GL-KKD,1,5,男,,http://i1.hdslb.com/bfs/face/f0d9625b1e894d67c9c658c833bbdc43990ceb3f.jpg
44055729,1629967917,蚂蚁吓死我了,1,5,保密,,http://i0.hdslb.com/bfs/face/1b3684bcb6b83108da730c26fd0db12374cbae32.jpg
354464094,1629967914,45110728208_bili,0,0,保密,,http://i0.hdslb.com/bfs/face/member/noface.jpg
320018268,1629967894,土著哔哩号,1,4,保密,,http://i0.hdslb.com/bfs/face/c20dfddf3b3f2281f925590b592a3f6e5509840f.jpg
525141206,1629967894,战忽局东亚分部,0,4,保密,,http://i2.hdslb.com/bfs/face/6985f5959741f7fb1f96d2a4c39b6f25e8e6f3ac.jpg
125777174,1629967836,又干歪了,0,5,保密,,http://i2.hdslb.com/bfs/face/b943dd3bb6d2a5fba1257eecd92bdaa6cc4e6359.jpg
399306274,1629967799,赵叔的卡其裤,1,4,保密,吾辈必当勤勉，持书仗剑耀中华,http://i1.hdslb.com/bfs/face/fda8a315f3a9923b60f74fb82c273d603fd4d899.jpg
668516244,1629967793,炎黄子孙0930,1,3,保密,,http://i0.hdslb.com/bfs/face/c894aeee2c09282bfe02390792d164edcdeefe17.jpg
689899157,1629967749,bili_ad0105,1,3,保密,,http://i2.hdslb.com/bfs/face/e5cb2f45e257f337c756521bd73c56814443c8c0.jpg
6469233,1629967701,BLANK__,1,6,男,怎奈向、欢娱渐随流水，素弦声断，翠绡香减,http://i0.hdslb.com/bfs/face/ff302c82263626bef016555bfec7c17bd7ab922b.jpg
372675847,1629967683,舒然然srr,0,4,保密,,http://i1.hdslb.com/bfs/face/d0e555f7747f84f19effd52dae470e9c054c4bed.jpg
6469233,1629967701,BLANK__,1,6,男,怎奈向、欢娱渐随流水，素弦声断，翠绡香减,http://i0.hdslb.com/bfs/face/ff302c82263626bef016555bfec7c17bd7ab922b.jpg
372675847,1629967683,舒然然srr,0,4,保密,,http://i1.hdslb.com/bfs/face/d0e555f7747f84f19effd52dae470e9c054c4bed.jpg
95943671,1629967677,木木和叶,1,4,保密,保持清醒 反抗绝望,http://i2.hdslb.com/bfs/face/94bbc3d9e6402ebd35e4fc20784fd674cf951b7f.jpg
472135450,1629967662,羽隹要进步灑,1,4,保密,,http://i1.hdslb.com/bfs/face/97d0cc26aced21770c3019e9357ecbf4ffb8bff6.jpg
93305303,1629967623,渴望成条的球,2,5,男,,http://i2.hdslb.com/bfs/face/8afbccf402842f173982dad6b69d7f79b002b235.jpg
25494165,1629967609,lvanbobo,2,5,保密,,http://i0.hdslb.com/bfs/face/member/noface.jpg
9109325,1629967607,Lorenzo丶烈斗,2,6,保密,,http://i2.hdslb.com/bfs/face/08ad90624f4b1bf033b64824ac324804fdcb2658.jpg
414498893,1629967599,sycrabdreaming,1,4,男,为了寻找你，我躲进了鸟的眼睛。,http://i2.hdslb.com/bfs/face/cf2605270be7307af279089faf20d829b5ab869f.jpg
19479713,1629967561,不怎么甜的小甜心,0,5,保密,,http://i2.hdslb.com/bfs/face/54d7963c479d291c1c7b64282bc2621ea31986e1.jpg
66629911,1629967542,流浪的六娃,2,5,保密,,http://i1.hdslb.com/bfs/face/d9b3db499e3a087f4d3f76c13cbdffe4fd6532ba.jpg
16307166,1629967511,花花不生酱,1,4,保密,,http://i0.hdslb.com/bfs/face/member/noface.jpg
30275770,1629967500,天行甲,0,3,保密,,http://i1.hdslb.com/bfs/face/239c1e2f786588776286ef518c36a12f7bac4012.jpg
267321509,1629967498,Red弦,1,5,保密,,http://i2.hdslb.com/bfs/face/0050b05cccad380a1da45c5e93f4ed07d990fd19.jpg
1798521,1629967478,月夜孤魂,0,3,保密,,http://i0.hdslb.com/bfs/face/member/noface.jpg
538648095,1629967423,如潋滟,0,3,保密,,http://i0.hdslb.com/bfs/face/e0ca19354675b322dcff4d89809df4595f6ff204.jpg
3771658,1629967415,wjlfm2,2,5,保密,,http://i0.hdslb.com/bfs/face/member/noface.jpg
406400662,1629967411,90718694872_bili,0,0,保密,,http://i0.hdslb.com/bfs/face/member/noface.jpg
349276247,1629967385,立花泷的三叶,1,5,保密,如果时间可以倒流，我还是选择认识你。,http://i2.hdslb.com/bfs/face/bca8dbc3ae808b357beccd1039a973b37027a18d.jpg
12653108,1629967345,此生难忘过往辛酸,1,5,男,6=9,http://i2.hdslb.com/bfs/face/589b77f4657b39f5c87b6f7ae8ae892eaf07d22f.jpg
51117615,1629967246,我是快乐小法师,0,5,保密,好好读书,http://i0.hdslb.com/bfs/face/affd00099819a6f7187cb5a708fcc3373f104f07.jpg
289005348,1629967243,Eks_rent,1,5,男,这种东西！这种！,http://i0.hdslb.com/bfs/face/44502eefceefc3d844e7c47cee2aad73051f257a.jpg
322454415,1629967238,Estar_ruo,1,5,保密,,http://i0.hdslb.com/bfs/face/b1a7df7430b8b3983bfebc543582dadbe3f57c2c.jpg
401862961,1629967230,doordie1234,0,5,保密,,http://i1.hdslb.com/bfs/face/b6bfde43a69c0b75ec8135e465cf474ef4a53eba.jpg
513855,1629967229,msuer,2,6,保密,无奈寂寞得海外党，现在只能用b站了。,http://i0.hdslb.com/bfs/face/13a2a37d06269fa3712c2396d6abf944ef593454.jpg
1596044974,1629967221,载1995,0,2,保密,,http://i0.hdslb.com/bfs/face/member/noface.jpg
287454583,1629967220,Ez4U_,1,5,男,smile to life.,http://i1.hdslb.com/bfs/face/0233032ecde2b6bcb254d6c20ad8c2f8ef3f9e3a.jpg
347463196,1629967204,爱吃桔子的小小,1,4,保密,,http://i1.hdslb.com/bfs/face/30c0f2fc3e19c48f74575b7ce4db4ace2c022494.jpg
77326313,1629967196,最爱洁宝宝,0,4,保密,,http://i0.hdslb.com/bfs/face/member/noface.jpg
344693944,1629967179,致敬毛,1,5,保密,,http://i1.hdslb.com/bfs/face/edbb2ee0685097b31f73909ceb1988fe4e60df52.jpg
543825991,1629967165,我的时光zm,0,4,保密,,http://i1.hdslb.com/bfs/face/abc1ef9f0445c277dfa9b3967763b22e46a18f4e.jpg
524928286,1629967155,bili_34550776333,0,2,保密,,http://i0.hdslb.com/bfs/face/member/noface.jpg
11377218,1629967125,Lempickafanfan,2,5,保密,学习就是金钱,http://i0.hdslb.com/bfs/face/c850c18ae6b507d0ef34837f53a51090b6a7451f.jpg
382177760,1629967123,83694600954_bili,0,0,保密,,http://i0.hdslb.com/bfs/face/member/noface.jpg
85272480,1629967092,松间明月ms,0,3,保密,,http://i0.hdslb.com/bfs/face/904dbdbd185960fd7596e011f39ded4310b6987a.jpg
22098399,1629967055,阿婆家,0,5,保密,,http://i0.hdslb.com/bfs/face/member/noface.jpg
521360435,1629967015,哈哈哈哈神奇,0,3,保密,,http://i0.hdslb.com/bfs/face/member/noface.jpg
543509386,1629966997,Soup-midou,0,4,保密,,http://i0.hdslb.com/bfs/face/member/noface.jpg
204951521,1629966982,勤奋的法学生--张三,0,3,保密,,http://i2.hdslb.com/bfs/face/865197555820d96338e5d34952edb57db1cb393e.jpg
514698257,1629966925,bili_39171309284,1,4,保密,,http://i0.hdslb.com/bfs/face/member/noface.jpg
8154976,1629966923,Umimi3104,1,5,女,寝ても覚めても、大野智。,http://i1.hdslb.com/bfs/face/6b107154bf6e34f2975cd1ba5d5c335137f1e967.jpg
96473953,1629966891,hyyhyyhfejc,1,4,保密,下辈子想做只八哥，丑萌闪闪惹人爱,http://i0.hdslb.com/bfs/face/member/noface.jpg
434251989,1629966878,热爱财务的地理小白,0,4,保密,,http://i0.hdslb.com/bfs/face/4465a01ed497cb8b53da4c67f4ddd10fa6d8c481.jpg
19116440,1629966871,Shochy,1,6,保密,,http://i2.hdslb.com/bfs/face/a9da172b193b84aabfb8575523993c7f364f3324.jpg
2015411157,1629966848,Shawnsean333,0,2,保密,,http://i0.hdslb.com/bfs/face/member/noface.jpg
507254496,1629966837,8473蚌埠蚌埠东,0,4,保密,车迷，广播电视爱好者,http://i0.hdslb.com/bfs/face/member/noface.jpg
226982218,1629966815,iuhy,1,5,保密,,http://i1.hdslb.com/bfs/face/2e0684949a4d5057f60d41a39c92090812a7ee9e.jpg
2880746,1629966809,sonniesonnie,2,5,保密,,http://i2.hdslb.com/bfs/face/b5148ea4c100e657c32bc98e83bc0ba6915853b1.jpg
144639490,1629966809,tan90的存在,1,5,保密,,http://i1.hdslb.com/bfs/face/1ba97c2d698e78db91268551d616a2f4ac027ff7.jpg
1592323632,1629966762,立身昆仑,0,3,保密,,http://i0.hdslb.com/bfs/face/52ea66c29ddbe71c5330c29a08c38b39c92bfbc8.jpg
32759419,1629966759,jfsivnsldfkjae,2,5,保密,萨达非隔热感人阿斯顿发,http://i1.hdslb.com/bfs/face/68d28b844993e97f97b22aed6476d2db86abd887.jpg
